# hoja,Propiedad,Zona,Precio S/ noche,Link Airbnb,Hoja de origen,Veredicto,Fotos a descargar,Fotos descartadas (motivo),Notas
180.0,Amantica Lodge: estancia todo incluido para 4,Ocosuyo,5167.0,https://www.airbnb.com.pe/rooms/8027968,Solo IG o correo,SIRVE (CORTO),"9 (lodge exterior, al anochecer), 6 (terraza vista al lago), 7 (terraza 2), 1 (dormitorio vista al lago), 8 (dormitorio), 15 (dormitorio twin)","3 (persona); 5 (aérea); 4, 13 (bodegones de comida); 2, 14 (paisaje/noche, sin espacio); 10–12 (baños); 16 (duplicado de 1)","16 fotos profesionales. Recorrido de unos 5 clips; sin sala, cocina ni comedor. La 9 está al anochecer y la 1 a contraluz."
156.0,Casa MYKITA,Máncora,4354.0,https://www.airbnb.com.pe/rooms/37605313,Contactables,SIRVE,"17 (casa desde la playa), 28 (piscina con toldos), 30 (piscina), 27 (piscina vista mar), 29 (terraza lounge), 7 (terraza vista mar), 14 (jardín con hamaca), 11 (sala), 20 (sala 2), 16 (sala vista mar), 10 (dormitorio con camarote), 12 (dormitorio twin), 18 (dormitorio 3), 25 (dormitorio 4), 26 (dormitorio 5)","2, 3, 21 (aéreas/dron); 1, 4, 13, 15 (noche/atardecer, luz inconsistente); 5 (toma desde el mar); 6, 8, 9, 19, 22, 23, 24 (panorámicas muy anchas, distorsión)","30 fotos profesionales, luz uniforme. Cocina y comedor solo en panorámicas (6, 24): si se quieren, recortar el centro."
121.0,"Casablanca, pocitas y mancora",Máncora,4189.0,https://www.airbnb.com.pe/rooms/13624554,Contactables,SIRVE,"16 (fachada con piscina), 15 (terraza de piscina vista mar), 17 (piscina con camastros), 23 (piscina infinita), 6 (terraza de dormitorio vista mar), 1 (sala), 3 (sala vista mar), 2 (dormitorio principal con vista), 8 (dormitorio 2), 9 (dormitorio 3), 10 (dormitorio 4)","26 (personas a caballo en la playa); 14, 18, 19, 21, 24 (noche/atardecer/contraluz); 11–13 (baños); 25 (bodegón de bebida); 4 (duplicado de 3); 5, 7 (duplicados de 2); 20, 22 (playa/agua, no la casa)",26 fotos. Sin cocina ni comedor.
157.0,Villa Pachacamac Boutique (Grandes grupos),Lima,4077.0,https://www.airbnb.com.pe/rooms/37299505,Solo IG o correo,SIRVE,"1 (piscina), 4 (jardín con piscina), 3 (terraza lounge), 13 (camino de jardín), 16 (jardín amplio), 9 (hall de ingreso), 8 (comedor), 14 (sala de juegos), 12 (cocina industrial), 5 (dormitorio), 6 (dormitorio twin)","11 (personas); 10 (piscina de noche); 15 (fogata, bodegón nocturno); 7 (baño); 17 (duplicado del jardín 16); 2 (repite la piscina de la 1)","17 fotos, algunas antiguas con baja resolución. Sin sala propiamente dicha (la 14 hace de sala)."
181.0,Amantica Lodge: estancia todo incluido para 2,Ocosuyo,4063.0,https://www.airbnb.com.pe/rooms/1445794061713160553,Solo IG o correo,SIRVE (CORTO),"4 (lodge desde el lago), 6 (terraza vista al lago), 1 (dormitorio vista al lago), 5 (dormitorio con chimenea), 2 (dormitorio twin)","9 (persona en el muelle, vertical); 7, 8 (noche); 3 (baño)","9 fotos; justo en el mínimo (5 fotos, 4 espacios). Es el mismo lodge que Amantica Lodge 4 personas (8027968): hacer un solo recorrido combinando ambos sets."
139.0,Casa SAMAY Magia y misticismo a orillas del mar,Máncora,4049.0,https://www.airbnb.com.pe/rooms/49416829,Solo IG o correo,SIRVE,"31 (entrada), 19 (fachada con piscina), 23 (casa y piscina), 32 (piscina vista mar), 33 (piscina 2), 26 (terraza lounge), 27 (terraza vista mar), 10 (terraza de dormitorio), 29 (terraza techada a la playa), 36 (playa frente a la casa), 1 (sala doble altura), 3 (sala vista piscina), 5 (comedor), 4 (cocina), 6 (dormitorio principal), 8 (dormitorio 2), 9 (dormitorio con terraza), 11 (dormitorio twin con camarote), 13 (dormitorio vista mar), 15 (dormitorio 5)","22, 28 (aéreas/dron); 20, 21, 24, 30 (noche/atardecer); 2, 34 (interiores con luz nocturna cálida); 16–18 (baños); 7 (duplicado de 6); 12 (duplicado de 11); 14 (duplicado de 13); 25, 35, 37 (verticales que repiten espacios)","37 fotos profesionales con gran angular, set de día muy completo."
140.0,Casa Punta Ala en Máncora - Playa las Pocitas,Máncora,3526.0,https://www.airbnb.com.pe/rooms/1595904734369732343,Solo IG o correo,SIRVE,"59 (jardín), 60 (jardín 2), 79 (piscina vista mar), 76 (piscina y jardín), 55 (terraza de playa con hamacas), 56 (playa con toldos), 68 (cabaña de playa), 62 (comedor de terraza), 65 (comedor de terraza 2), 14 (terraza lounge), 20 (terraza), 22 (terraza 2), 1 (sala vista mar), 2 (sala doble altura), 4 (sala 2), 5 (patio interior), 6 (cocina), 9 (comedor), 13 (dormitorio principal), 15 (dormitorio 2), 23 (dormitorio 3), 25 (dormitorio con camarote), 26 (camarotes), 28 (dormitorio 5), 31 (dormitorio 6)","3, 11, 67 (personas); 58, 74, 75 (aéreas/picada alta); 66, 69, 70, 77, 78, 80, 81 (atardecer/noche); 33–54 (baños); 10, 12, 63, 64 (bodegones: mesa puesta, carta); 7 (duplicado de 6); 8, 18, 24, 57, 61, 73 (rincones o verticales sin espacio claro); 16, 17, 19, 21, 27, 29, 30, 32 (dormitorios repetidos); 71, 72 (repiten la playa)",81 fotos; un cuarto son baños. Luz de día uniforme salvo el set de atardecer del final.
122.0,Casa Las Mareas,Talara,3351.0,https://www.airbnb.com.pe/rooms/1285500789458228766,Contactables,SIRVE,"49 (fachada con piscina), 1 (jardín y piscina), 3 (piscina vista mar), 2 (terraza de playa), 4 (gazebo de paja), 6 (bar de jardín), 43 (sala principal), 42 (sala de piedra), 44 (sala abierta al jardín), 11 (sala 2), 12 (sala TV), 46 (cocina), 48 (cocina con barra), 15 (pasillo de madera), 45 (escalera), 7 (dormitorio principal), 10 (dormitorio 2), 16 (dormitorio 3), 20 (dormitorio 4), 22 (dormitorio 5), 28 (camarotes), 31 (dormitorio 6), 35 (dormitorio vista jardín), 38 (dormitorio con camarote)","50 (aérea desde el mar); 9, 18, 25, 26, 29, 30, 34, 39, 40, 41 (baños); 5 (duplicado de 4); 13, 14 (duplicados de la sala 11); 47 (duplicado de la cocina 46); 8, 17, 19, 21, 23, 24, 27, 32, 33, 36, 37 (dormitorios repetidos con encuadre casi igual)","50 fotos profesionales, luz de día uniforme. Muy completo; sobran dormitorios, elegir 3-4 para el recorrido."
123.0,"Casa Nacho, Punta Sal - Perú",Punta Sal,3192.0,https://www.airbnb.com.pe/rooms/1203050830696236472,Contactables,SIRVE,"6 (piscina y casa), 20 (piscina), 33 (piscina 2), 18 (jardín con camastros), 19 (jardín y casa), 22 (jardín con hamaca), 45 (hamaca y terraza), 24 (playa con toldo), 8 (terraza techada), 9 (terraza lounge), 16 (comedor de terraza), 17 (comedor de terraza 2), 21 (terraza vista mar), 23 (terraza de juegos), 38 (comedor exterior), 39 (comedor exterior 2), 58 (futbolín), 26 (sala), 54 (sala 2), 27 (cocina), 55 (comedor interior), 30 (camarotes), 34 (camarotes 2), 67 (camarotes 3), 68 (dormitorio con sala), 74 (dormitorio)","62, 64, 65 (aéreas/dron); 1–3, 5, 7, 10–15, 41, 42, 46–53, 56, 57, 60, 61, 63 (set de atardecer/noche, luz inconsistente con el de día); 28, 32, 35, 36, 66, 71, 72 (baños); 29, 37, 59 (exteriores de servicio / pasillos); 4 (cocina de noche, duplica la 27); 31 (duplicado de 30); 40, 43, 44 (repiten terraza y playa); 69, 70, 73 (verticales/no cargó)","74 fotos profesionales con dos sets (día y atardecer). Usar solo el de día. Pocos dormitorios principales en horizontal (69, 70 verticales)."
141.0,"Kassa Sunna, Villa frente a Las Pocitas, Máncora",Máncora,3134.0,https://www.airbnb.com.pe/rooms/1096326901049739426,Contactables,SIRVE (CORTO),"2 (jardín), 3 (piscina), 4 (sala de juegos), 5 (terraza), 6 y 7 (dormitorio), 8 (camarotes), 10 (dormitorio principal), 11 (dormitorio vista al mar)","1 (contraluz, luz inconsistente), 9 (vertical, repite el cuarto de camarotes de la 10). Revisar si 6 y 7 son el mismo dormitorio.",sin cocina ni comedor.
188.0,Casa Kailani - Las Pocitas Máncora,Máncora,2945.0,https://www.airbnb.com.pe/rooms/1252368275999362139,Contactables,SIRVE,"set de día: 52 (fachada), 51 (entrada), 61 (patio de ingreso), 2 (terraza de piscina con sombrillas), 54 (piscina y jardín), 55 (piscina con camastros), 53 (terraza lounge vista mar), 28 (dormitorio con camarote), 32 (dormitorio 2), 34 (dormitorio 3), 36 (dormitorio 4), 41 (dormitorio 5), 42 (dormitorio 6) | set cálido/anochecer, sala-cocina-comedor solo existen así: 10 (cocina), 12 (cocina-comedor), 65 (comedor), 67 (sala de terraza), 69 (sala), 74 (terraza techada), 5 (dormitorio principal), 8 (dormitorio principal 2), 66 (dormitorio vista mar)","9, 13–27 (aéreas/dron); 35 (persona); 19, 21–24, 45–48, 56–60, 64, 71–73 (atardecer/noche exteriores); 30, 31, 44 (baños); 37–40 (camilla de masajes, detalle); 62 (letrero, bodegón); 4, 7, 49, 50, 63, 68, 70 (verticales o repetidas); 1, 3, 6 (fachada al anochecer); 11 (duplicado de cocina 12); 29, 33, 43 (dormitorios repetidos)",74 fotos profesionales; dos sets de luz (día y anochecer cálido) como en Sidi. Las áreas sociales interiores solo vienen con luz cálida: decidir un set u ordenar el recorrido de tarde a noche.
189.0,"Casa Tiempo, Las Pocitas, Máncora",Máncora,2905.0,https://www.airbnb.com.pe/rooms/795663543835163928,Contactables,SIRVE,"32 (fachada con piscina), 31 (piscina vista mar), 50 (piscina 2), 51 (terraza de piscina), 44 (terraza con sombrillas), 52 (playa con sombrillas), 40 (balcón vista mar), 42 (terraza de dormitorio), 37 (jardín interior con escalera), 1 (sala vista mar), 2 (sala principal), 4 (sala 2), 8 (sala de TV), 11 (sala 3), 12 (cocina), 13 (cocina 2), 14 (comedor), 17 (comedor y jardín), 18 (dormitorio principal), 19 (dormitorio vista mar), 21 (dormitorio 3), 22 (camarotes), 24 (dormitorio 4), 38 (dormitorio con terraza)","53 (persona y bodegón de comida); 36, 46 (aéreas); 33–35, 47, 49, 54 (atardecer/noche, luz inconsistente); 7, 15, 16 (sala y comedor con luz cálida, repiten); 26–30 (baños); 5, 10 (detalles/bodegones); 3, 6 (duplicados de la sala 2); 9 (duplicado de 8); 20 (duplicado de 19); 23 (duplicado de 22); 25 (duplicado de 24); 39, 41, 43, 45, 48 (repiten espacios o calle exterior)","54 fotos profesionales con gran angular, set de día muy completo."
142.0,ALU Luxe - Dúo de 8 habitaciones con vista al mar en Larcomar,Lima,2892.0,https://www.airbnb.com.pe/rooms/1616272321570679871,Contactables,SIRVE,"1 (sala), 6 (sala con vista al mar), 14 (sala TV), 26 (comedor), 28 (comedor y cocina), 22 (cocina), 89 (terraza atardecer), 90 (terraza vista mar), 30 (dormitorio principal), 39 (dormitorio 2), 62 (dormitorio twin), 85 (estudio), 98 (gimnasio)","2–5, 10–13 (duplicados de la sala); 100, 101 (collage); 102 (plano); 103, 104 (aéreas); 18, 21, 47–49, 54, 60, 61, 69–71 (solo vista, sin espacio que recorrer); 31–46, 50–68 salvo las elegidas (dormitorios repetidos, mismo encuadre); 75–82 (baños); 78, 79, 94, 96, 99 (no cargaron, revisar)",104 fotos (reauditado; la primera pasada solo había leído 15).
182.0,Eywa Lodge todo incluido IV,Saquena,2681.0,https://www.airbnb.com.pe/rooms/778014664870724874,Solo IG o correo,SIRVE (CORTO),"2 (bungalow exterior), 11 (pasarela techada), 4 (sala de estar), 1 (dormitorio), 6 (dormitorio, ventanas a la selva)","8, 9, 10, 12 (personas); 5 (aérea); 7, 14 (bodegones de comida); 3, 13, 15, 16 (detalles: letreros, abanico, jabón)","16 fotos, la mayoría de experiencia. Justo en el mínimo (5 fotos, 4 espacios). 1 y 6 son el mismo dormitorio."
183.0,"Villa Adhistana, Las Pocitas, Máncora, Perú",Máncora,2570.0,https://www.airbnb.com.pe/rooms/15531393,Contactables,SIRVE,"46 (jardín), 38 (patio), 42 (gazebo), 49 (jardín con vista), 56 (piscina infinita), 57 (piscina con bar), 58 (piscina), 65 (piscina 2), 1 (terraza vista mar), 3 (terraza lounge), 23 (terraza), 24 (terraza 2), 26 (terraza 3), 52 (terraza con cama de día), 4 (sala), 10 (sala 2), 22 (sala de TV), 6 (comedor y cocina), 7 (cocina), 8 (comedor), 11 (dormitorio con dosel), 12 (dormitorio principal), 13 (dormitorio 3), 16 (dormitorio 4), 29 (dormitorio rosa)","47 (aérea); 2, 41 (atardecer/contraluz); 43, 51, 62, 63, 64 (nocturnas, luz inconsistente); 19, 33–37, 45 (baños); 5 (duplicado de 4); 9 (duplicado de 6); 14 (duplicado de 13); 25, 31, 53 (duplicados de la terraza 23); 27 (duplicado de 24); 18, 20, 21, 28, 30 (dormitorios repetidos); 39, 40, 50 (detalles de jardín, sin espacio); 15 (roca/exterior sin espacio); 17, 44, 55 (verticales); 54, 59, 60, 61, 66 (repiten piscina y terrazas)","66 fotos con HDR muy saturado y gran angular, pero uniforme en todo el set. Revisar distorsión en las tomas de techo de paja antes de generar."
160.0,"Casa Tawa - lujo, privacidad y confort",Vichayito,2398.0,https://www.airbnb.com.pe/rooms/1457930452375045539,Solo IG o correo,SIRVE (CORTO),"10 (patio de ingreso, vertical), 4 (terraza lounge vista mar), 1 (terraza vista mar, vertical), 5 (comedor de terraza, vertical), 3 (sala, vertical), 7 (sala vista mar, vertical), 9 (dormitorio, vertical)","13, 14 (personas: chef); 2 (solo agua/atardecer); 8, 11, 12 (atardecer/noche); 6 (duplicado de la terraza 4, con marca de agua)","14 fotos de celular; todo vertical salvo la 4, así que casi todos los espacios solo existen en vertical. Sin cocina. Pedir fotos horizontales al dueño si se quiere un recorrido completo."
143.0,Casa Alma - Alma Loft,Máncora,2374.0,https://www.airbnb.com.pe/rooms/1014422922197054483,Contactables,SIRVE,"33 (fachada con piscina), 36 (terraza de piscina vista mar), 32 (terraza de jardín vista mar), 1 (sala), 2 (sala 2), 4 (cocina-comedor), 5 (cocina), 7 (comedor), 15 (estudio vista mar), 28 (escritorio vista mar), 20 (baño/terraza abierta vista mar), 8 (dormitorio principal), 9 (dormitorio con terraza), 13 (dormitorio vista mar), 19 (dormitorio 2)","35 (persona); 31, 34 (nocturna/atardecer, luz inconsistente); 3, 25 (detalles/bodegones); 22, 29, 30, 38 (baños, verticales); 3, 6, 10–12, 14, 16–18, 21, 23, 24, 26, 27, 37 (verticales que repiten espacios o detalles muy cerrados)","38 fotos profesionales (de revista), luz de día uniforme. Mitad verticales."
144.0,2 Casas Killa juntas en Punta Sal para 29 personas,Contralmirante Villar,2259.0,https://www.airbnb.com.pe/rooms/1550206809441289022,Contactables,SIRVE,"1 (sala), 3 (sala 2), 5 (cocina), 6 (comedor), 7 (comedor de terraza), 8 (terraza), 10 (dormitorio principal), 12 (dormitorio rojo), 13 (dormitorio vista mar), 15 (camarote), 17 (camarote doble), 20 (camarote rojo), 32 (piscina), 33 (piscina vista playa), 35 (terraza de piscina), 38 (terraza piscina casa 2), 39 (piscina casa 2), 47 (playa con toldos)","4 (duplicado de 3), 9 (duplicado de 5), 16, 18 (duplicados de 17), 21–31 (baños, la mayoría verticales), 40–46 (aéreas/dron), 14, 34, 36, 37 (verticales muy cerradas, repiten espacios), 48, 49 (playa repetida)",49 fotos (reauditado). Dos casas: cuidar que el recorrido no mezcle una con otra.
162.0,Villa Punta del Sol con Piscina y Playa,Punta Negra,2256.0,https://www.airbnb.com.pe/rooms/14897663,Solo IG o correo,SIRVE,"53 (fachada con piscina), 54 (piscina), 55 (terraza de piscina), 62 (piscina vista mar), 37 (terrazas exteriores), 39 (terraza vista mar), 40 (terraza 2), 20 (balcón), 27 (patio con escalera), 48 (terraza de roca con parrilla), 1 (sala), 3 (sala con chimenea), 4 (comedor vista mar), 5 (comedor 2), 10 (sala-comedor), 6 (cocina), 7 (cocina 2), 21 (sala de dormitorio/kitchenette), 11 (dormitorio principal), 12 (dormitorio azul), 16 (dormitorio 3), 18 (dormitorio con camarote), 23 (dormitorio 5)","36 (noche); 56 (aérea/picada alta); 57 (atardecer); 31–35 (baños); 28, 29, 46, 50–52, 65 (solo mar/rocas, sin espacio); 41, 42 (pasaje y cochera); 44, 45, 47, 64 (escaleras de roca, detalles); 60 (detalle de puerta y espejo); 2, 8, 9 (duplicados de sala/cocina); 13, 14, 17, 19, 22, 24, 25, 30 (dormitorios repetidos); 15, 26, 38, 43, 49, 58, 59, 61, 63 (terrazas y fachadas repetidas)",65 fotos profesionales con gran angular fuerte (revisar distorsión) y cielo nublado uniforme.
163.0,"La casa de Sidi Mancora, los organos, ñuro piura",El Ñuro,2246.0,https://www.airbnb.com.pe/rooms/28340021,Contactables,SIRVE,"7 (fachada), 2 (jardín con hamaca), 47 (piscina), 26 (terraza techada), 52 (sala), 48 (sala 2), 12 (comedor), 10 (cocina), 11 (escalera), 16 (gimnasio), 3 (dormitorio twin), 4 (dormitorio con sofá), 5 (dormitorio vista atardecer), 6 (dormitorio con mesa)","18, 41, 42 (personas); 21, 22 (aéreas nocturnas); 8, 9 (duplicados de 2); 14, 15 (bodegones de comida); 17 (vertical, solo atardecer); 28 (duplicado de 16); 13, 19, 20, 33, 35, 36, 43–46 (baños/sauna); 23–25, 27, 29, 34, 39, 40, 49–51, 53–56 (set nocturno con luz cálida, inconsistente con el set de día); 31, 32, 37, 38 (exteriores al atardecer/noche); 1 (picada alta)","56 fotos (reauditado). Hay dos sets de luz (día y noche cálida). Usar solo el de día; si falta algo, el set nocturno tiene sala, comedor y cocina completos como alternativa."
126.0,Casa Villa Nirvana Playa Las Pocitas de Mancora,Talara,2101.0,https://www.airbnb.com.pe/rooms/1534071232061947677,Contactables,SIRVE,"20 (fachada y jardín), 26 (piscina con jacuzzi), 24 (jardín con gazebo), 18 (terraza lounge), 21 (terraza vista piscina), 22 (terraza 2), 1 (sala), 9 (sala 2), 10 (sala hacia la terraza), 5 (dormitorio principal), 6 (dormitorio 2), 8 (dormitorio con sala), 14 (dormitorio 3), 15 (dormitorio 4)","11, 17 (baños); 12 (vertical, solo ventana); 2, 3, 4, 19, 23, 25, 27, 28, 29 (verticales que repiten espacios o muy cerrados); 7 (duplicado de 6); 13, 16 (dormitorios con luz cálida, repiten 14/15)",29 fotos de celular. Cocina y comedor solo en verticales (4 y 28).
184.0,Suite de lujo en el Gocta Andes Lodge,Bongará,2100.0,https://www.airbnb.com.pe/rooms/736116254764023509,Contactables,SIRVE (CORTO),"19 (lodge exterior), 16 (jardín y piscina), 37 (piscina con terraza de madera), 22 (restaurante/terraza techada), 1 (terraza de la suite), 28 (terraza con mesa), 4 (suite interior)","2, 30 (personas); 29 (duplicado de 1); 7, 10, 25 (cama deshecha, encuadre torcido); 13, 24, 34 (solo paisaje, sin espacio); 3, 5, 6, 8, 9, 11, 12, 14, 15, 17, 18, 20, 21, 23, 26, 27, 31–33, 35, 36 (verticales de celular que repiten espacios); 14 (baño)","37 fotos (reauditado), todas de celular y la mayoría verticales. La suite por dentro solo sale con la cama deshecha (la 4 es la mejor). Sin sala ni cocina propia."
130.0,Casa Anqamar Punta Mero,Punta Sal,2065.0,https://www.airbnb.com.pe/rooms/45643109,Solo IG o correo,SIRVE,"7 (fachada con piscina), 8 (piscina con sombrillas), 10 (terraza lounge junto a la piscina), 17 (jardín y casa), 18 (jardín hacia el mar), 15 (jardín con bote decorativo), 11 (terraza vista mar, vertical), 1 (sala), 3 (sala 2), 4 (comedor, vertical), 5 (dormitorio vista mar), 6 (dormitorio principal)","19 (personas de noche); 14, 20 (atardecer, bodegón de vino); 9 (piscina al anochecer, vertical); 16 (fachada con autos); 2 (vertical, repite la sala); 12, 13 (verticales que repiten la terraza 11)","20 fotos de celular; 3 y 4 tienen marca de agua ""ANQAMAR"". Sin cocina."
40.0,Casa DIEM Eco-Luxury Vichayito a pie de playa,Máncora,2062.0,https://www.airbnb.com.pe/rooms/53462358,Contactables,SIRVE,"1 (fachada con piscina), 2 (piscina), 6 (terraza de piscina), 16 (fachada lateral y jardín), 34 (casa desde la playa), 12 (comedor de terraza vista mar), 10 (sala), 13 (comedor), 14 (comedor y sala), 29 (cocina), 30 (cocina 2), 19 (sala de TV/estudio), 4 (dormitorio principal), 18 (dormitorio vista mar), 24 (dormitorio 3), 26 (dormitorio 4), 28 (dormitorio twin)","3, 5, 20, 22 (gran angular fuerte, balcones torcidos); 7, 8 (solo agua/playa, sin espacio); 17, 31 (atardeceres); 36 (nocturna); 21, 23, 25 (baños); 9, 11, 15, 32, 33, 35 (verticales que repiten espacios o detalles); 27 (duplicado de 26)","36 fotos de celular con gran angular y color muy saturado, pero uniforme. Revisar distorsión en 1, 2 y 10."
131.0,"Casa Grande de Pachacamac, mansión en el campo",Lurin,1977.0,https://www.airbnb.com.pe/rooms/38573916,Contactables,SIRVE,"1 (fachada), 63 (camino de entrada), 2 (piscina), 4 (terraza techada), 3 (comedor), 8 (sala con chimenea), 81 (sala 2), 18 (biblioteca), 19 (sala azul/estudio), 88 (cocina), 33 (zona de parrilla y horno), 76 (dormitorio azul), 53 (dormitorio rojo), 82 (dormitorio twin)","26, 87 (duplicados del comedor 3); 75, 78 (duplicados de la piscina 2); 49, 79 (duplicados del dormitorio azul 76); 6, 9, 11, 12, 15–17, 23, 24, 27–32, 35–39, 57, 61, 64, 66, 67, 72, 74, 77, 83 (jardín repetido, mismos encuadres); 13, 14, 30, 56, 58–60, 62, 65, 68–71 (bodegones/detalles: flores, comida, vajilla, alacena); 73, 90 (oscuras, luz inconsistente); 89, 93, 97 (baños, no aportan al recorrido)",97 fotos. Estilo HDR muy marcado pero uniforme en todo el set.
127.0,"Casa de Mate, Las Pocitas, Máncora",Máncora,1971.0,https://www.airbnb.com.pe/rooms/1039429926150170651,Contactables,SIRVE,"28 (fachada), 21 (jardín y casa), 26 (jardín con hamaca), 24 (piscina en el jardín), 45 (piscina infinita vista mar), 35 (piscina infinita 2), 39 (jacuzzi de piedra), 62 (jacuzzi vista mar), 32 (terraza lounge), 33 (terraza lounge 2), 37 (terraza con sofás), 42 (comedor exterior), 44 (lounge vista mar), 41 (parrilla), 1 (entrada), 2 (sala-comedor), 4 (comedor), 6 (cocina), 7 (cocina 2), 9 (dormitorio principal), 11 (dormitorio 2), 13 (dormitorio 3), 16 (dormitorio 4), 17 (dormitorio 5)","70 (aérea); 58, 66, 68 (noche/atardecer); 69, 71, 72 (no cargaron, revisar); 5, 8 (duplicados de 4); 3, 12 (encuadres torcidos/rincones); 10 (duplicado de 9); 14, 15, 18, 19 (dormitorios repetidos); 20 (caseta de jardín, detalle); 22, 23, 25, 27, 29–31, 34, 36, 38, 40, 43, 47–57, 59–61, 63–65, 67 (jardín, piscina y playa repetidos con encuadres casi iguales)","72 fotos profesionales, luz de día uniforme; exteriores muy repetidos. Interiores con gran angular."
146.0,Casa Arrecifes de Punta Sal,Punta Sal,1957.0,https://www.airbnb.com.pe/rooms/1395967447719593531,Contactables,SIRVE,"34 (fachada y jardín), 42 (jardín), 1 (sala), 5 (sala 2), 3 (sala-cocina), 6 (cocina), 7 (cocina 2), 13 (comedor interior), 8 (comedor de terraza), 11 (comedor terraza 2), 25 (terraza), 27 (terraza vista mar), 49 (terraza atardecer), 55 (piscina), 56 (piscina vista mar), 17 (dormitorio), 21 (dormitorio vista mar), 26 (dormitorio 2)","59, 60 (planos/renders); 62, 63 (ballenas); 12, 64, 70, 71, 73–84 (bodegones de comida); 72, 53, 54 (personas); 24, 35–39, 43–46, 66, 69, 85 (nocturnas, luz inconsistente); 29–32 (baños); 47 (duplicado de 27); 48, 50, 57 (duplicados de 49); 2, 4, 9, 10, 14–16, 18–20, 22, 23, 40, 41, 51, 52 (verticales que repiten espacios); 61, 65, 67, 68 (entorno/playa, no la casa)",85 fotos. Set muy completo; mezcla de fotos profesionales y de celular.
185.0,Suites Domo Vertical Sky,Ollantaytambo,1947.0,https://www.airbnb.com.pe/rooms/52947767,Contactables,SIRVE (CORTO),"6 (llegada/entorno), 27 (entrada al domo), 25 (domo exterior con montañas), 1 (interior del domo), 30 (interior del domo, cama), 14 (comedor de vidrio con vista)","3, 4, 10, 13, 17 (personas); 2, 5, 9, 11, 12, 15, 16, 19 (bodegones de comida y vino); 18, 20, 21 (duplicados, detalle de cama); 8 (bar nocturno, luz inconsistente); 7 (panorámica alta, sin espacio); 22–24 (verticales, baño); 26, 28 (duplicados de 25); 29 (vertical)","30 fotos, la mayoría de experiencia (escalada, comida). El recorrido sale de unos 5 clips: llegada, domo por fuera, domo por dentro y comedor."
133.0,Casa campo MAR'K,Cieneguilla,1920.0,https://www.airbnb.com.pe/rooms/1476189535907434318,Contactables,SIRVE (CORTO),"1 (sala, vertical), 4 (comedor), 3 (cocina), 5 (terraza techada), 6 (terraza lateral, vertical), 11 (piscina), 15 (gimnasio, vertical)","8, 9, 10, 13 (panorámicas de celular, distorsión fuerte); 2 (repite la sala de la 1); 12 (repite la piscina de la 11); 7 (vertical, solo pasto); 14 (vertical, objeto suelto: futbolín)","15 fotos de celular, casi todas verticales o panorámicas. Sin dormitorios. Las 3 y 4 son panorámicas suaves: revisar la distorsión antes de usarlas."
190.0,Nuna Wasi Villa (9 habitaciones),Cieneguilla,1914.0,https://www.airbnb.com.pe/rooms/52571209,Solo IG o correo,SIRVE,"139 (fachada), 138 (entrada), 117 (jardín con pérgola), 162 (jardín 2), 140 (hamaca), 142 (piscina), 146 (piscina con fachada), 151 (piscina 2), 102 (lounge de piscina), 152 (lounge 2), 90 (terraza de piedra), 88 (comedor exterior), 108 (comedor exterior 2), 161 (sala de billar), 167 (frontón), 1 (sala), 3 (sala con chimenea), 7 (sala de TV), 8 (cocina), 10 (cocina 2), 16 (comedor), 17 (comedor vista piscina), 18 (comedor 2), 22 (dormitorio principal), 30 (dormitorio 2), 37 (dormitorio 3), 49 (dormitorio 4), 53 (dormitorio 5), 56 (dormitorio twin), 59 (dormitorio de camas de madera)","24, 25, 31–34, 40, 41, 45–48, 51, 55, 58, 62–85 (baños, decenas repetidos); 4, 12, 23, 26, 28, 29, 38, 61, 104, 119, 122, 123, 133, 154, 164, 173, 177, 180, 183 (bodegones y detalles: vasijas, copas, adornos, paletas); 91, 92, 94, 95, 99, 101, 106, 109, 121, 131, 134, 135, 137, 141, 144, 148–150, 171, 172, 174, 178 (noche/luz cálida inconsistente); 159, 160, 170, 175, 176, 179, 181, 182 (marca de agua grande del fotógrafo); 143, 145, 147, 155, 157, 158, 169 (piscina repetida); 103, 163 (duplicados del lounge 102/152); 2, 5, 6, 9, 11, 13–15, 19–21, 27, 36, 39, 42–44, 50, 52, 54, 57, 60, 86, 87, 89, 93, 96–98, 100, 105, 107, 110, 112–116, 118, 120, 124–130, 132, 136, 153, 156, 165, 166, 168, 184, 185 (verticales o repetidos de espacios ya cubiertos); 35 (duplicado de 37)",185 fotos (la galería más grande). Muchas llevan una marca de agua semitransparente del fotógrafo: revisar cada elegida al descargar. Luz cálida en buena parte del set.
73.0,Casa Colibrí,Máncora,1818.0,https://www.airbnb.com.pe/rooms/1081051360759440033,Contactables,SIRVE,"39 (fachada con piscina), 21 (entrada), 14 (piscina vista mar), 18 (piscina con pérgola), 22 (piscina y playa), 32 (terraza de piscina), 17 (terraza con sombrillas), 27 (deck vista mar), 46 (deck con camastros), 43 (terraza de playa), 45 (balcones de madera), 11 (sala vista mar), 15 (sala), 26 (sala 2), 41 (sala 3), 28 (cocina), 29 (cocina 2), 34 (comedor y cocina), 38 (sala-comedor), 12 (dormitorio principal), 16 (dormitorio 2), 23 (dormitorio 3), 31 (camarotes), 36 (dormitorio vista mar), 52 (dormitorio con vista)","4 (persona/manos); 25, 44 (aéreas/dron); 1, 3, 5, 7, 9 (bodegones de comida y bebida); 6, 8, 10 (mar/atardecer, sin espacio); 24, 40, 48 (baños); 2, 47, 50, 51, 53–56 (verticales que repiten espacios); 19, 30, 42 (repiten la piscina); 20 (terraza lateral, repite); 33, 35, 37, 49 (dormitorios repetidos); 13 (repite la sala 15)","56 fotos profesionales con gran angular, luz de día uniforme. Muy completo."
147.0,Villa Nuna - Lujo y Conexión en Valle Sagrado,Urubamba,1817.0,https://www.airbnb.com.pe/rooms/40633097,Contactables,SIRVE,"21 (fachada y jardín), 24 (jardín con jacuzzi), 15 (terraza de jardín), 18 (terraza techada), 19 (deck con vista al valle), 1 (sala con chimenea), 3 (sala doble altura), 2 (sala-comedor), 5 (comedor y cocina), 8 (dormitorio con camarote), 9 (dormitorio rosa), 10 (dormitorio de piedra), 11 (dormitorio principal)","22 (aérea); 12, 13 (baños); 20 (bodegón de vino); 4, 6, 7, 14, 16, 17, 23 (verticales que repiten espacios o detalles)","24 fotos profesionales; interiores con luz cálida y HDR, uniforme en el set."
134.0,Espectacular Casa de Campo Victoria Cieneguilla,Pachacamac,1812.0,https://www.airbnb.com.pe/rooms/607849693456360103,Solo IG o correo,SIRVE (CORTO),"set de día, casi todo vertical: 43 (piscina), 47 (piscina 2), 2 (lounge de piscina), 42 (terraza), 41 (quincho/bar), 28 (jardín, horizontal), 17 (sala), 19 (sala doble altura), 18 (cocina), 58 (comedor), 29 (dormitorio principal), 37 (dormitorio 2), 49 (dormitorio 3) | Alternativa de noche (horizontales: 1 (fachada con piscina), 4 (piscina), 7 (sala), 8 (sala 2), 10 (cocina exterior)","46, 54 (personas); 3, 9, 13–16, 21, 22 (noche, luz inconsistente con el set de día); 11, 12, 30–34, 50–53, 55–57 (detalles y bodegones: horno, cerradura, adornos, TV, aro de básquet); 26, 27, 36 (baños); 6, 20, 25 (paisaje o ventana, sin espacio); 23, 24, 35, 38, 39 (dormitorios repetidos); 5, 40, 44, 45, 48, 59 (verticales que repiten espacios)",59 fotos de celular. De día casi todo es vertical; las horizontales son de noche. Recorrido posible pero de calidad limitada.
167.0,Casa en el Aire - Los Organos,Organos,1780.0,https://www.airbnb.com.pe/rooms/95292,Solo IG o correo,SIRVE,"1 (piscina con terraza), 2 (piscina vista mar), 7 (piscina y camastros), 10 (jardín y piscina), 15 (terraza vista mar), 40 (fachada), 3 (terraza techada con piscina), 8 (sala de terraza), 4 (sala), 5 (comedor), 13 (sala vista mar), 28 (sala 2), 29 (balcón vista jardín), 34 (dormitorio vista mar), 35 (dormitorio 2), 38 (dormitorio 3), 42 (sala de estar blanca), 44 (dormitorio con vista), 45 (camarotes), 46 (camarotes 2)","47–80 (entorno: ballenas, surf, muelle, pelícanos, playas; 58 y 62 con personas); 6, 9, 16, 19, 21 (paisaje/atardecer, sin espacio); 11, 12, 17, 18, 20 (noche); 14, 26, 32 (verticales o detalles); 23–25, 27, 36 (baños/rincones poco claros); 22, 39, 41, 43 (dormitorios repetidos o de baja calidad); 30, 31 (dormitorios con luz cálida); 33, 37 (repiten la piscina y la terraza)","80 fotos, casi la mitad del entorno (ballenas, surf). Fotos antiguas de resolución media; varias interiores se ven lavadas."
80.0,La Casa en Huaripampa,Cashapampa,1770.0,https://www.airbnb.com.pe/rooms/1358208550500845225,Contactables,SIRVE,"33 (fachada), 34 (patio con fuente), 24 (terraza con sombrillas), 29 (comedor de terraza), 26 (deck con camastros), 31 (jardín con vista), 1 (sala), 5 (cocina), 7 (dormitorio principal), 10 (dormitorio 2), 12 (dormitorio 3), 15 (cuarto de camarotes)","23, 32 (aéreas/picada alta); 16–22 (baños); 25, 38–41 (detalles y objetos decorativos); 28, 30, 35 (solo paisaje); 27 (jardín sin espacio claro); 2, 3, 4, 6, 9, 11, 13, 14, 36, 37 (verticales que repiten espacios o muy cerrados); 8 (duplicado de 7)","41 fotos profesionales, HDR uniforme; la mitad son verticales. Sin comedor interior aparte."
168.0,Casa Norte - Frente al Mar,Máncora,1767.0,https://www.airbnb.com.pe/rooms/1238373248843447855,Contactables,SIRVE,"36 (jardín y casa), 32 (piscina vista mar), 33 (piscina 2), 35 (jardín con hamaca), 37 (jardín hacia la playa), 41 (terraza techada), 42 (terraza 2), 38 (sala de terraza), 43 (sala principal), 44 (sala con columpio), 46 (sala 3), 48 (sala vista mar), 49 (galería hacia el jardín), 7 (cocina), 8 (cocina 2), 9 (cocina-comedor), 10 (dormitorio principal), 14 (dormitorio 2), 16 (dormitorio 3), 17 (dormitorio con camarote)","21–25, 27–29, 31 (baños, algunos con marca de agua); 61–72, 74, 77–84, 89 (atardeceres y noches, sin espacio); 62, 67, 70, 71, 85–88, 90, 91 (playa/mar/fauna, no la casa); 65 (bodegón de comida); 11 (detalle); 39, 40, 60 (salas con luz cálida de noche); 45, 47 (repiten la sala 46); 53–59 (camastros de playa repetidos); 92–104, 19, 26, 30, 73, 75, 76 (pasillos verticales repetidos); 1–6, 12, 13, 15, 20, 34, 50–52 (verticales que repiten espacios); 18 (duplicado de 17)","104 fotos, la mitad son atardeceres/playa o pasillos. Mezcla de fotos profesionales y de celular. Comedor solo en vertical (4, 5)."
170.0,Casa Bamboo - Punta Sal,Punta Sal,1715.0,https://www.airbnb.com.pe/rooms/53547450,Contactables,SIRVE,"12 (piscina y fachada), 9 (terraza con parrilla), 10 (terraza lounge vista piscina), 11 (terraza lounge 2), 1 (sala-comedor), 4 (dormitorio vista piscina), 6 (dormitorio vista mar), 5 (dormitorio con camarote), 2 (cuarto de camarotes)","13–16 (fiesta nocturna con personas); 3 (vertical, repite camarotes de la 2); 7 (baño); 8 (solo playa, sin espacio)",16 fotos profesionales con luz uniforme. Sin foto aparte de la cocina.
171.0,Casa Manta Eco-Luxury by Diem Vichayito,Vichayito,1698.0,https://www.airbnb.com.pe/rooms/1734291259271518405,Contactables,SIRVE,"3 (fachada y jardín de arena), 5 (fachada con escalera), 6 (deck), 8 (comedor de terraza), 9 (terraza vista mar), 10 (terraza de piscina), 20 (piscina infinita), 12 (sala), 13 (sala 2), 21 (cocina-comedor), 26 (dormitorio principal), 27 (dormitorio vista mar), 28 (dormitorio 3), 29 (dormitorio con camarote)","18, 19 (aéreas/dron); 15, 17, 24 (nocturnas exteriores, luz inconsistente); 11, 14, 16 (sala repetida al anochecer); 1, 33 (panorámica estirada, 33 duplicado de 1); 2, 4, 7, 23, 25, 31, 32 (verticales que repiten espacios o baños); 30 (duplicado de 29)","33 fotos profesionales con gran angular. La sala solo sale con luz de anochecer (12, 13): cálida pero aceptable. Mismo dueño que Casa DIEM (53462358)."
148.0,Casa Killa fila 1 Punta Sal,Contralmirante Villar,1688.0,https://www.airbnb.com.pe/rooms/1297325934895873412,Contactables,SIRVE,"34 (fachada), 1 (sala), 3 (sala 2), 4 (sala con vista al mar), 6 (cocina con isla), 7 (cocina), 28 (terraza), 30 (terraza lounge), 32 (terraza 2), 29 (comedor exterior), 26 (piscina), 40 (piscina 2), 41 (piscina con camastros), 35 (playa con toldos), 9 (dormitorio principal), 10 (dormitorio principal 2), 12 (dormitorio 2), 14 (dormitorio vista mar), 16 (camarote), 17 (camarote 2)","38, 39 (personas); 33, 36, 42 (aéreas/dron); 19–25 (baños, verticales); 2 (gran angular fuerte, repite la sala); 5, 11, 15, 27, 31, 43, 44 (verticales que repiten espacios); 8 (duplicado de la cocina 7); 13 (gran angular, cama muy cerrada); 18 (duplicado del camarote 16); 37 (repite el toldo de playa de la 35)","44 fotos. Varias fotos interiores tienen look de retoque con IA (el título lo dice). Muchas fotos vienen del anuncio 848640381870852870 (también pendiente en esta lista) y probablemente del de ""2 Casas Killa juntas"" (1550206809441289022): revisar que no se haga el mismo recorrido dos veces."
149.0,Casa sol vichayito,Máncora,1676.0,https://www.airbnb.com.pe/rooms/25168604,Contactables,SIRVE,"1 (fachada), 2 (piscina), 3 (ingreso con vista al mar), 4 (sala), 5 (comedor), 11 (terraza vista mar), 6 (dormitorio principal), 8 (dormitorio azul), 9 (camarotes)","7, 10 (baños); 13 (bodegón de comida); 12 (vertical, solo la caseta de paja); 14, 15 (sala de noche con luz cálida, inconsistente con el set de día; 15 repite la 14)",15 fotos profesionales. Sin foto aparte de la cocina (en la 3 se ve la barra).
193.0,Frente al Mar Casa Privada Ñuro - Casa Marfil,Ñuro,1642.0,https://www.airbnb.com.pe/rooms/1446381622395312907,Contactables,SIRVE,"39 (fachada), 47 (jardín y piscina), 45 (piscina), 51 (piscina vista mar), 43 (terraza con pérgola), 1 (sala-comedor vista mar), 2 (sala lounge), 3 (sala TV), 5 (cocina), 9 (comedor), 8 (comedor con jardín vertical), 10 (dormitorio principal), 15 (dormitorio con camarote), 20 (camarotes), 27 (dormitorio 3), 30 (dormitorio 4)","48, 49 (aéreas/dron); 42, 44, 46 (piscina de noche, luz inconsistente); 34–38 (baños); 4 (duplicado de 3); 6, 7 (duplicados de la cocina 5); 14 (duplicado de 10); 17, 19 (repiten camarotes de 15/20); 50 (duplicado de 39); 11, 21, 23, 26 (espejo iluminado como protagonista); 12, 18, 28 (gran angular, cama muy cerrada); 13, 16, 22, 24, 25, 29, 31, 32, 33, 40, 41 (verticales que repiten espacios)","51 fotos profesionales, set de día uniforme. Muy completo."
153.0,Casa Gaia con A/C y Piscina Privada frente al Mar,Punta Sal,1642.0,https://www.airbnb.com.pe/rooms/856587421344940969,Contactables,SIRVE,"30 (fachada), 24 (piscina y casa), 20 (piscina), 19 (terraza vista mar), 28 (jardín hacia la playa), 1 (sala con vista al mar), 2 (sala-cocina), 3 (sala verde), 4 (sala azul), 5 (cocina), 9 (dormitorio principal), 10 (camarotes), 11 (dormitorio 2)","6, 12, 13, 18, 23, 25, 31 (personas); 21, 32 (aéreas); 7 (duplicado de 5); 8 (duplicado de 2); 33 (duplicado de 1); 34 (duplicado de 28); 14, 15 (baños); 22 (noche, luz inconsistente); 16, 26, 27, 29 (atardeceres, luz inconsistente/sin espacio); 17 (contraluz fuerte)","34 fotos, TODAS verticales de celular: se recortan a 16:9 y pierden mucho encuadre. Pasa el mínimo por espacios, pero la calidad es baja; candidata a CORTO si el recorte no funciona."
173.0,"Iquitos Lodge House, con vistas al río",San Juan,1640.0,https://www.airbnb.com.pe/rooms/968751837354224120,Solo IG o correo,SIRVE,"25 (fachada), 7 (fachada con piscina), 31 (patio interior), 27 (piscina vista al río), 28 (piscina 2), 30 (piscina y casa), 6 (terraza vista al río), 26 (balcón), 4 (sala), 8 (sala con escalera), 10 (sala vista al río), 22 (sala 2), 9 (comedor), 23 (comedor vista al río), 11 (cocina), 12 (cocina con barra), 14 (dormitorio twin), 16 (dormitorio 2), 19 (dormitorio vista al río)","1, 2, 33–35 (atardeceres, luz inconsistente); 20, 21 (baños); 13 (pared decorativa, detalle); 32 (picada desde la escalera); 24 (duplicado de la terraza 6); 29 (duplicado de la piscina 28); 5 (duplicado de 4); 3, 15, 17, 18 (verticales que repiten espacios)","35 fotos profesionales, luz de día uniforme. Set muy completo."
136.0,Casa Terra Pocitas,Pocitas Mancora,1619.0,https://www.airbnb.com.pe/rooms/1120555975345269310,Contactables,SIRVE,"47 (jardín y piscina), 25 (patio interior), 52 (piscina, vertical), 11 (terraza vista mar), 6 (comedor de terraza, vertical), 50 (terraza lounge, vertical), 1 (sala), 15 (sala con sofá), 62 (sala-comedor verde, vertical), 70 (sala azul, vertical), 7 (dormitorio principal), 8 (dormitorio vista mar), 12 (dormitorio 2), 13 (dormitorio 3), 16 (dormitorio 4), 22 (camarotes), 26 (camarotes 2)","27–36 (baños); 10, 38, 41, 43, 44, 59, 64 (atardeceres, sin espacio / luz inconsistente); 37, 39, 42, 45, 46, 56–58, 60, 69 (playa o entorno, no la casa); 63, 66, 67, 68 (bodegones de comida y objetos); 9, 18, 19, 21, 23, 24 (dormitorios repetidos con encuadre casi igual); 2–5, 14, 17, 20, 40, 48, 49, 51, 53–55, 61, 65, 71, 72 (verticales que repiten espacios)","72 fotos de celular, mitad verticales. Sin foto clara de la cocina. Áreas sociales y piscina casi solo en vertical."
194.0,Punta Sal Luxury Beachfront Villa: Casa Palo Santo,Punta Sal,1612.0,https://www.airbnb.com.pe/rooms/1133852792194061089,Solo IG o correo,SIRVE,"52 (fachada de ingreso), 32 (casa con piscina), 23 (piscina), 26 (terraza de piscina vista mar), 40 (terraza lounge vista mar), 36 (patio-jardín), 34 (jardín interior), 20 (jardín de luz), 56 (escalera con jardín), 1 (sala), 2 (sala 2), 3 (sala 3), 5 (comedor), 7 (dormitorio vista mar), 8 (dormitorio principal), 13 (dormitorio twin), 14 (dormitorio 3)","27, 29, 38, 39, 44, 45, 49, 50 (anochecer/noche, luz inconsistente); 15, 16 (baños); 30 (duplicado de 26); 9, 10 (duplicados del dormitorio 7/8); 11 (ventana, sin espacio claro); 4 (repite el comedor 5); 6, 12, 17–19, 21, 22, 24, 25, 28, 31, 33, 35, 41–43, 46–48, 51, 53–55, 57–60 (verticales que repiten espacios o pasillos); 37 (patio de servicio)","60 fotos profesionales (de arquitectura), la mitad verticales. Sin cocina clara."
154.0,Santa Cruz Lodge - Superior Familiar,Huaylas,1548.0,https://www.airbnb.com.pe/rooms/1389286202473527179,Contactables,SIRVE (CORTO),"19 (lodge exterior), 23 (jardín), 2 (sala con chimenea), 4 (comedor/restaurante), 8 (dormitorio), 10 (camarotes), 11 (habitación familiar completa)","18, 21 (personas); 3, 5, 6, 7 (bodegones de comida); 14–16 (baños); 1 (vertical, repite la sala de la 2); 9 (duplicado de 8); 12, 13 (verticales que repiten el dormitorio); 17, 20, 22 (solo paisaje, sin espacio)","23 fotos; habitación de hotel, el recorrido sale de unos 5 clips. Sin cocina propia."
195.0,Casa Blanca - Villa en Canoas de Punta Sal,Canoas,1542.0,https://www.airbnb.com.pe/rooms/998824772153997755,Contactables,SIRVE,"55 (piscina), 56 (piscina 2), 43 (terraza de playa con camastros), 44 (terraza de piscina al atardecer), 50 (comedor de terraza), 47 (bar exterior), 51 (zona de juegos/ping-pong), 1 (patio interior), 33 (patio con escalera), 34 (patio 2), 2 (sala), 3 (sala 2), 7 (cocina-comedor), 8 (cocina), 13 (comedor), 17 (dormitorio vista mar), 18 (dormitorio principal), 20 (dormitorio 3), 23 (camarotes), 24 (camarotes 2), 26 (dormitorio con mesa), 29 (dormitorio 4)","38–40, 61 (aéreas/dron); 11, 12, 15, 16, 41, 42, 48, 49, 62 (bodegones de comida y bebidas); 19, 53, 54 (atardeceres, sin espacio); 36, 45, 46, 57–60 (nocturnas, luz inconsistente); 21, 22, 25, 28, 31, 32 (baños); 4–6, 37 (verticales que repiten espacios); 9 (duplicado de 8); 10 (detalle de pared de cocina); 14 (duplicado de 13); 27, 30 (repiten dormitorios); 35 (duplicado de 34); 52 (duplicado de 51)","62 fotos profesionales. Varias interiores tienen luz cálida de tarde (1, 7, 8, 33, 34, 44, 47, 50): consistentes entre sí, pero ojo al mezclarlas con las de día."
138.0,La casona de Pompeya,Lurigancho-Chosica,1535.0,https://www.airbnb.com.pe/rooms/1274206427587364322,Contactables,SIRVE (CORTO),"6 (camino de entrada y jardín), 12 (piscina), 10 (piscina y fachada), 9 (patio techado), 8 (zona de horno), 14 (cocina-comedor), 3 (dormitorio con camarote), 4 (dormitorio 2)","1 (gran angular fuerte, pasillo de cama); 2, 5, 7 (verticales que repiten espacios); 11 (repite la piscina de la 10, gran angular); 13 (estacionamiento con autos, sin espacio que recorrer)",14 fotos de celular con gran angular; calidad baja. Sin sala. Recorrido de unos 5-6 clips.
155.0,Casa Killa Luxury Punta Sal,Punta Sal,1520.0,https://www.airbnb.com.pe/rooms/848640381870852870,Contactables,SIRVE,"37 (fachada), 1 (sala), 2 (sala 2), 3 (sala con vista al mar), 5 (sala-terraza vista mar), 6 (cocina con isla), 8 (cocina), 9 (barra de cocina), 29 (terraza), 35 (terraza lounge), 31 (comedor exterior), 28 (piscina), 33 (piscina con terraza), 42 (piscina con camastros), 43 (piscina 2), 38 (playa con toldos), 10 (dormitorio vista mar), 11 (dormitorio 2), 13 (dormitorio principal), 14 (dormitorio principal 2), 16 (camarote), 17 (camarote 2)","30 (persona); 39, 40, 41, 44, 45 (aéreas/dron); 21–26 (baños); 4, 15, 18, 20, 27, 34 (verticales que repiten espacios); 7 (duplicado de la cocina 8); 12 (cama muy cerrada, gran angular); 19 (duplicado del camarote 17); 32 (atardecer, luz inconsistente); 36 (repite el toldo de playa de la 38)","45 fotos. Es la MISMA casa que ""Casa Killa fila 1"" (1297325934895873412): comparten la mayoría de archivos. Hacer un solo recorrido para ambas."
196.0,La Hacienda del Mago Cieneguilla,Cieneguilla,1508.0,https://www.airbnb.com.pe/rooms/979210597659446763,Contactables,SIRVE,"51 (casa y jardín), 28 (jardín), 31 (jardín con piscina), 43 (camino de jardín), 42 (quincho techado), 45 (piscina), 46 (piscina con camastros), 47 (piscina con pérgola), 49 (piscina 2), 37 (terraza lounge), 39 (comedor de terraza), 1 (sala con piano), 2 (sala con chimenea), 3 (sala 2), 52 (sala de TV), 6 (cocina), 7 (cocina 2), 8 (comedor), 9 (comedor 2), 11 (comedor de diario), 12 (dormitorio principal), 13 (dormitorio con sala), 14 (estudio), 18 (camarotes), 22 (camarotes 2), 23 (dormitorio 3)","59–72 (eventos y bodas con personas, decoración de eventos y bodegones de banquete); 5 (sala con árbol de Navidad, inconsistente); 30, 32, 35, 36, 44, 53, 76 (atardecer/noche, luz inconsistente); 15–17, 26, 40, 74, 75, 77–83 (baños); 4 (detalle del piano); 33, 34, 38 (detalles: puertas, bodega de vino); 41 (casita de juegos, vertical); 56, 57, 58 (exteriores repetidos o con auto); 10, 20, 24, 25, 73 (verticales que repiten espacios); 19, 21 (duplicados de camarotes 18); 27, 29, 48, 50, 54, 55 (jardín y piscina repetidos con encuadre parecido)",83 fotos; casi un tercio son de eventos (bodas). Interiores profesionales y luz uniforme. Set muy completo.
